name,christian_name,birth_date,sex,education_level,grade_level,occupation_type,curr_school_or_office,family_guardian_name,family_guardian_phone,emergency_contact_name,emergency_contact_phone,city,subcity,woreda,kebele,house_no,classification,round,section_name,status,shift
[MANDATORY],[OPTIONAL],[OPTIONAL YYYY-MM-DD],[MANDATORY Male/Female],[MANDATORY: elementary/highschool/diploma/degree/masters/phd],[OPTIONAL e.g. Grade 4],[MANDATORY: student/working],[OPTIONAL School or Company Name],[MANDATORY Guardian Name],[MANDATORY Guardian Phone],[MANDATORY Emergency Name],[MANDATORY Emergency Phone],[OPTIONAL default Addis Ababa],[MANDATORY Subcity],[MANDATORY Woreda],[OPTIONAL Kebele],[OPTIONAL House No],[OPTIONAL: prekg/htsanat/maekelawyan/wetatoch/distance],"[MANDATORY for Distance (e.g. 1, 2, 2016), OPTIONAL for others]",[MANDATORY Section Name],[OPTIONAL: new/regular (default: new)],[OPTIONAL: day/night (default: day)]
# Example: Abebe Kebede,Gebre Mikael,2012-05-15,Male,elementary,Grade 5,student,St. Mary Primary School,Kebede Tadesse,0911223344,Almaz Tesfaye,0922334455,Addis Ababa,Bole,Woreda 03,Kebele 05,1234,maekelawyan,1,Maekelawyan 5 (Grade 5),new,day
Abebe Bikila,Gebre Mariam,2010-04-12,Male,elementary,Grade 6,student,Lideta Cathedral School,Bikila Demisse,0911001122,Tirunesh Dibaba,0922112233,Addis Ababa,Kirkos,Woreda 02,Kebele 01,456,maekelawyan,,Maekelawyan 6 (Grade 6),new,day
Marta Haile,Walatta Petros,2008-09-20,Female,highschool,Grade 10,student,Menelik II Senior Secondary,Haile Tesfaye,0912334455,Genet Haile,0933445566,Addis Ababa,Arada,Woreda 01,Kebele 04,789,wetatoch,,Wetatoch 10 (Grade 10),regular,day
Dawit Solomon,Tekle Haymanot,2000-01-15,Male,degree,,working,Commercial Bank of Ethiopia,Solomon Assefa,0911556677,Kassa Solomon,0944556677,Addis Ababa,Bole,Woreda 05,,12,distance,2016,Distance Section 1,new,night
Saron Yosef,Kibre Maryam,2015-06-30,Female,elementary,Grade 2,student,St. Joseph School,Yosef Tadesse,0913778899,Bizuayehu Girma,0955667788,Addis Ababa,Yeka,Woreda 08,Kebele 02,901,htsanat,,Htsanat 2 (Grade 2),new,day
Yonas Alemayehu,Gebre Egziabher,1998-11-05,Male,masters,,working,Ethio Telecom,Alemayehu Mengistu,0914889900,Tewodros Alemayehu,0966778899,Addis Ababa,Nifas Silk-Lafto,Woreda 04,,554,distance,1,Distance Section 1,regular,night
Helen Worku,Amata Kristos,2018-02-14,Female,elementary,KG 3,student,Fidel Academy,Worku Bekele,0915990011,Aster Worku,0977889900,Addis Ababa,Gullele,Woreda 03,Kebele 06,321,prekg,,PreKG-1,new,day
Kaleb Tilahun,Gebre Meskel,2005-08-19,Male,highschool,Grade 12,student,Bole Senior Secondary,Tilahun Zewde,0916001122,Bethlehem Tilahun,0988990011,Addis Ababa,Bole,Woreda 11,Kebele 03,654,wetatoch,,Wetatoch 12 (Grade 12),regular,day
Tigist Berhanu,Walatta Maryam,2002-12-10,Female,diploma,,working,Ministry of Innovation,Berhanu Wolde,0917112233,Meron Berhanu,0999001122,Addis Ababa,Kolfe Keranio,Woreda 06,Kebele 08,876,distance,2,Distance Section 1,new,night
Kidus Girma,Tewodros Girma,2017-05-21,Male,elementary,Grade 1,student,Unity Academy,Girma Tadesse,0911111111,Hana Girma,0922222222,Addis Ababa,Addis Ketema,Woreda 01,Kebele 03,111,htsanat,,Htsanat 1 (Grade 1),new,day
Hanna Bekele,Tsige Maryam,2016-09-10,Female,elementary,Grade 3,student,Hope School,Bekele Alemu,0922223333,Martha Bekele,0933334444,Addis Ababa,Lideta,Woreda 02,Kebele 07,222,htsanat,,Htsanat 3 (Grade 3),regular,day
Michael Tadesse,Abraha Tadesse,2011-03-15,Male,elementary,Grade 4,student,Bright Academy,Tadesse Gebre,0933335555,Samuel Tadesse,0944446666,Addis Ababa,Yeka,Woreda 04,Kebele 02,333,htsanat,,Htsanat 4 (Grade 4),new,day
Bethlehem Alemu,Kedeste Alemu,2009-07-08,Female,highschool,Grade 9,student,Lemen School,Alemu Belay,0944447777,Hanna Alemu,0955558888,Addis Ababa,Kirkos,Woreda 03,Kebele 05,444,wetatoch,,Wetatoch 9 (Grade 9),new,day
Daniel Belay,Gebru Belay,2007-11-19,Male,highschool,Grade 11,student,Ethiopia High,Belay Girma,0955559999,Sara Belay,0966660000,Addis Ababa,Arada,Woreda 05,Kebele 01,555,wetatoch,,Wetatoch 11 (Grade 11),regular,day
Eyerusalem Kebede,Amanuel Kebede,2006-01-30,Female,highschool,Grade 8,student,St. Mary Junior,Kebede Daniel,0966661111,Ruth Kebede,0977772222,Addis Ababa,Nifas Silk-Lafto,Woreda 07,Kebele 04,666,maekelawyan,,Maekelawyan 8 (Grade 8),new,day
Natnael Mekonnen,Kibre Mekonnen,2013-12-05,Male,elementary,Grade 5,student,Alem Elementary,Mekonnen Tesfaye,0977773333,Estifanos Mekonnen,0988884444,Addis Ababa,Bole,Woreda 10,Kebele 09,777,maekelawyan,,Maekelawyan 5 (Grade 5),regular,day
Ruth Girma,Walatta Girma,2014-04-17,Female,elementary,Grade 7,student,Light School,Girma Bekele,0988885555,Rahel Girma,0999996666,Addis Ababa,Gullele,Woreda 02,Kebele 08,888,maekelawyan,,Maekelawyan 7 (Grade 7),new,day
Samuel Tesfaye,Tekle Tesfaye,2004-06-22,Male,highschool,Grade 12,student,Future Academy,Tesfaye Alemu,0911223344,Melat Tesfaye,0922334455,Addis Ababa,Kolfe Keranio,Woreda 09,Kebele 06,999,wetatoch,,Wetatoch 12 (Grade 12),new,day
Mekdes Wolde,Amata Wolde,2019-08-12,Female,elementary,KG 2,student,Little Stars,Wolde Tadesse,0922446688,Rahel Wolde,0933557799,Addis Ababa,Lideta,Woreda 04,Kebele 03,121,prekg,,PreKG-2,new,day
Yared Assefa,Gebre Assefa,2012-10-03,Male,elementary,Grade 6,student,Cathedral Academy,Assefa Bekele,0933669911,Helen Assefa,0944770022,Addis Ababa,Bole,Woreda 06,Kebele 05,232,maekelawyan,,Maekelawyan 6 (Grade 6),regular,day
Eden Mulugeta,Tsion Mulugeta,2010-02-28,Female,highschool,Grade 10,student,Arada High,Mulugeta Solomon,0944881133,Martha Mulugeta,0955992244,Addis Ababa,Arada,Woreda 01,Kebele 02,343,wetatoch,,Wetatoch 10 (Grade 10),new,day
Abel Hailu,Kibre Hailu,2015-11-11,Male,elementary,Grade 4,student,Hope Elementary,Hailu Girma,0955113355,Deborah Hailu,0966224466,Addis Ababa,Yeka,Woreda 03,Kebele 07,454,htsanat,,Htsanat 4 (Grade 4),regular,day
Liya Tadesse,Walatta Tadesse,2003-05-09,Female,diploma,,working,Ethiopian Airlines,Tadesse Kebede,0966335577,Hanna Tadesse,0977446688,Addis Ababa,Kirkos,Woreda 08,,565,distance,1,Distance Section 1,new,night
Fitsum Adera,Tekle Adera,1999-09-25,Male,masters,,working,African Union,Adera Bekele,0977557799,Selam Adera,0988669900,Addis Ababa,Nifas Silk-Lafto,Woreda 04,,676,distance,2,Distance Section 1,regular,night
Hanna Solomon,Walatta Solomon,2018-01-14,Female,elementary,KG 1,student,Shining Stars,Solomon Tadesse,0988770011,Martha Solomon,0999881122,Addis Ababa,Gullele,Woreda 05,Kebele 04,787,prekg,,PreKG-1,new,day
Natnael Bekele,Tewodros Bekele,2011-07-19,Male,elementary,Grade 3,student,Genesis School,Bekele Tesfaye,0911224433,Rahel Bekele,0922335544,Addis Ababa,Lideta,Woreda 06,Kebele 01,898,htsanat,,Htsanat 3 (Grade 3),new,day
Rahel Alemu,Kedeste Alemu,2007-03-07,Female,highschool,Grade 11,student,Sunrise Academy,Alemu Belay,0922446655,Helen Alemu,0933557766,Addis Ababa,Bole,Woreda 09,Kebele 08,909,wetatoch,,Wetatoch 11 (Grade 11),regular,day
Elias Girma,Gebru Girma,2016-08-30,Male,elementary,Grade 2,student,Good Shepherd,Girma Alemu,0933668877,Hana Girma,0944779988,Addis Ababa,Addis Ketema,Woreda 02,Kebele 05,010,htsanat,,Htsanat 2 (Grade 2),new,day
Maryam Kebede,Tsige Kebede,2005-12-13,Female,highschool,Grade 9,student,Unity High,Kebede Girma,0944880099,Samuel Kebede,0955991100,Addis Ababa,Kirkos,Woreda 03,Kebele 09,212,wetatoch,,Wetatoch 9 (Grade 9),new,day
Dawit Haile,Gebre Haile,2000-04-03,Male,degree,,working,Awash Bank,Haile Bekele,0955112200,Rahel Haile,0966223311,Addis Ababa,Arada,Woreda 07,,323,distance,2016,Distance Section 1,regular,night
Selam Tesfaye,Kibre Tesfaye,2002-06-17,Female,diploma,,working,CBE,Tesfaye Alemu,0966334422,Hailu Tesfaye,0977445533,Addis Ababa,Kolfe Keranio,Woreda 01,,434,distance,1,Distance Section 1,new,night
Yonatan Mulugeta,Amanuel Mulugeta,2014-09-01,Male,elementary,Grade 8,student,St. Joseph School,Mulugeta Solomon,0977556644,Eden Mulugeta,0988667755,Addis Ababa,Gullele,Woreda 06,Kebele 02,545,maekelawyan,,Maekelawyan 8 (Grade 8),new,day
Hanna Yohannes,Walatta Yohannes,2013-04-23,Female,elementary,Grade 5,student,St. Mary Primary,Yohannes Tadesse,0988778866,Rahel Yohannes,0999889977,Addis Ababa,Nifas Silk-Lafto,Woreda 10,Kebele 07,656,maekelawyan,,Maekelawyan 5 (Grade 5),regular,day
Simon Tafere,Tekle Tafere,1997-02-10,Male,phd,,working,Addis Ababa University,Tafere Girma,0911990088,Martha Tafere,0922881177,Addis Ababa,Bole,Woreda 05,,767,distance,2,Distance Section 1,regular,night
Deborah Belay,Kedeste Belay,2017-10-29,Female,elementary,KG 3,student,Fidel Academy,Belay Tesfaye,0933772299,Hana Belay,0944663388,Addis Ababa,Lideta,Woreda 04,Kebele 03,878,prekg,,PreKG-2,new,day
Natan Tadesse,Abraha Tadesse,2012-12-12,Male,elementary,Grade 7,student,Light School,Tadesse Bekele,0955994411,Melat Tadesse,0966885522,Addis Ababa,Arada,Woreda 02,Kebele 01,989,maekelawyan,,Maekelawyan 7 (Grade 7),new,day
Rahel Solomon,Kibre Solomon,2009-09-05,Female,highschool,Grade 10,student,Lemen School,Solomon Girma,0977116633,Eden Solomon,0988227744,Addis Ababa,Yeka,Woreda 08,Kebele 06,190,wetatoch,,Wetatoch 10 (Grade 10),regular,day
